id;url;hashtags;creation_date
22;https://github.com/gregberge/svgr;#svg,#react,#library,#image;1597947103.0
23;https://systemuicons.com/;#svg,#icon,#free,#UI,#interface;1598038053.0
24;https://caniuse.com/;#browser,#version;1598038275.0
25;https://bundlephobia.com/;#bundle,#size,#optimize;1598040025.0
26;https://hackmd.io/;#markdown,#documentation;1598387859.0
27;https://react-select.com/;#react,#select,#multiselect,#npm;1598387939.0
28;https://github.com/enaqx/awesome-react;#react,#awesome;1598388054.0
29;https://github.com/cookiecutter/cookiecutter;#cookiecutter,#templates,#projects,#python;1598388259.0
30;https://animate.style/;#css,#effects,#animations;1598388333.0
31;https://ohmyz.sh/;#terminal,#zsh;1598388390.0
32;https://nextjs.org/;#react,#framework,#nextjs;1598388474.0
33;https://shields.io/;shields,github,badge,information,repository;1598895558.0
34;https://github.com/molefrog/wouter;wouter,react,npm,routing,router;1599153569.0
35;https://www.cypress.io/;cypress,test,web,javascript,TDD;1599914362.0
36;https://responsively.app/;responsively,responsive,web,front;1599993484.0
37;https://formik.org/;formik,react,npm,forms;1599994433.0
38;https://pyformat.info/;pyformat,format,python;1600193185.0
39;https://aggregatedawesome.com/;awesome,github,resources,library;1601057990.0
42;https://github.com/arasatasaygin/is.js;is,javascript,check;1603737390.0
43;https://github.com/streamich/react-use;react,react,hook;1603737789.0
44;https://github.com/date-fns/date-fns;date,react,datetime,date;1603737988.0
45;https://github.com/juliangarnier/anime;anime,react,animation;1603738416.0
46;https://www.npmjs.com/package/react-lazylog;react,react,log;1605128280.0
48;https://github.com/evanw/esbuild;esbuild,bundler,minifier;1606075411.0
49;https://gohugo.io/;gohugo,framework,staticsite,websites;1608923027.0
50;https://www.frontendmentor.io/;frontendmentor,frontend,css,challenges;1614974736.0
51;https://chakra-ui.com/;chakra,ui,css,interface;1614979170.0
52;https://react-icons.github.io/react-icons;react,icons,interface,ui;1614980492.0
53;https://astexplorer.net/;ast,explorer,tree,syntax,parser;1616529959.0
54;https://www.webpagetest.org/;webpagetest,test,performance,optimize;1616530236.0
55;https://supabase.io/;supabase,database,backend,open;1616530326.0
56;https://www.ycombinator.com/;ycombinator,companies,startups,funding;1616531357.0
57;https://github.com/microsoft/playwright;playwright,automate,testing,end,node;1617566578.0
58;https://github.com/reduxjs/redux-thunk;redux,redux,react,middleware;1618774959.0
59;https://developers.google.com/speed/pagespeed/insights/;performance,pagespeed,speed,google;1619467670.0
60;https://react-hook-form.com/;react,react,form,hooks;1619902413.0
61;https://www.youtube.com/channel/UC8LeXCWOalN8SxlrPcG-PaQ;midudev,youtube,channel;1619902511.0
62;https://usehooks.com/;usehooks,hooks,react;1619902561.0
63;https://vitejs.dev/;vitejs,build,modules;1619903238.0
64;https://squoosh.app/;squoosh,image,compression;1619903337.0
65;https://github.com/google/zx;zx,scripts,google,terminal,github;1620673411.0
